ToolID,ToolCode,CompanyCode,Model,Barcode,Description,CreatedDate,UpdatedDate,IsActive
36,TX304030,MFC,Endmill,NULL,"Endmill TX304030","2018-10-04 13:01:15","2019-03-16 15:56:32",1
37,TX304080,MFC,Endmill,NULL,"Endmill TX304080","2018-10-04 13:01:15","2019-03-16 15:56:32",1
38,TX304100,MFC,Endmill,NULL,"Endmill TX304100","2018-10-04 13:01:15","2019-03-16 15:56:32",1
52,ZE704010,MFC,Insert,NULL,"Insert ZE704010","2018-10-04 13:01:17","2019-03-16 15:56:32",1
53,ZSPM4040-05,MFC,Insert,NULL,"Insert ZSPM4040-05","2018-10-04 13:01:17","2019-03-16 15:56:32",1
62,tool1,MFC,tx304020,NULL,"endmil 2","2019-03-02 08:46:07","2019-03-18 13:44:32",1
341,TX304010,MFC,TX304010,NULL,"ENDMILL 1, THÉP THƯỜNG, 4 ME ","2019-03-13 16:17:08","2019-03-16 15:56:32",1
342,TX304015,MFC,TX304015,NULL,"ENDMILL 1.5, THÉP THƯỜNG, 4 ME","2019-03-13 16:17:08","2019-03-16 15:56:32",1
343,TX304020,MFC,TX304020,NULL,"ENDMILL 2, THÉP THƯỜNG, 4 ME ","2019-03-13 16:17:08","2019-03-16 15:56:32",1
344,TX304025,MFC,TX304025,NULL,"ENDMILL2.5, THÉP THƯỜNG, 4 ME ","2019-03-13 16:17:08","2019-03-16 15:56:32",1
345,TX304040,MFC,TX304040,NULL,"ENDMILL 4, THÉP THƯỜNG, 4 ME ","2019-03-13 16:17:08","2019-03-16 15:56:32",1
346,TX304060,MFC,TX304060,NULL,"ENDMILL 6, THÉP THƯỜNG, 4 ME ","2019-03-13 16:17:08","2019-03-16 15:56:32",1
347,TX304120,MFC,TX304120,NULL,"ENDMILL 12, THÉP THƯỜNG, 4 ME","2019-03-13 16:17:08","2019-03-16 15:56:32",1
348,TX304160,MFC,TX304160,NULL,"ENDMILL 16, THÉP THƯỜNG, 4 ME","2019-03-13 16:17:08","2019-03-16 15:56:32",1
349,ZE704015,MFC,ZE704015,NULL,"ENDMILL 1.5,THÉP CỨNG, 4 ME","2019-03-13 16:17:08","2019-03-16 15:56:32",1
350,ZE704020,MFC,ZE704020,NULL,"ENDMILL 2, THÉP CỨNG, 4 ME ","2019-03-13 16:17:08","2019-03-16 15:56:32",1
351,ZE704025,MFC,ZE704025,NULL,"ENDMILL 2.5, THÉP CỨNG, 4 ME","2019-03-13 16:17:08","2019-03-16 15:56:32",1
352,ZE704030,MFC,ZE704030,NULL,"ENDMILL 3, THÉP CỨNG, 4 ME ","2019-03-13 16:17:08","2019-03-16 15:56:32",1
353,ZE704040,MFC,ZE704040,NULL,"ENDMILL 4, THÉP CỨNG, 4 ME ","2019-03-13 16:17:09","2019-03-16 15:56:32",1
354,ZE704060,MFC,ZE704060,NULL,"ENDMILL 6, THÉP CỨNG, 4 ME ","2019-03-13 16:17:09","2019-03-16 15:56:32",1
355,ZE704080,MFC,ZE704080,NULL,"ENDMILL 8, THÉP CỨNG, 4 ME ","2019-03-13 16:17:09","2019-03-16 15:56:32",1
356,ZE704100,MFC,ZE704100,NULL,"ENDMILL 10, THÉP CỨNG, 4 ME ","2019-03-13 16:17:09","2019-03-16 15:56:32",1
357,ZE704120,MFC,ZE704120,NULL,"ENDMILL 12, THÉP CỨNG, 4 ME ","2019-03-13 16:17:09","2019-03-16 15:56:32",1
358,WAE303010,MFC,WAE303010,NULL,"ENDMILL 1, NHÔM, 3 ME","2019-03-13 16:17:09","2019-03-16 15:56:32",1
359,WAE303015,MFC,WAE303015,NULL,"ENDMILL 1.5, NHÔM, 4 ME ","2019-03-13 16:17:09","2019-03-16 15:56:32",1
360,WAE303020,MFC,WAE303020,NULL,"ENDMILL 2, NHÔM, 3 ME ","2019-03-13 16:17:09","2019-03-16 15:56:32",1
361,WAE303025,MFC,WAE303025,NULL,"ENDMILL 2.5, NHÔM, 3 ME","2019-03-13 16:17:09","2019-03-16 15:56:32",1
362,WAE303030,MFC,WAE303030,NULL,"ENDMILL 3, NHÔM, 3 ME","2019-03-13 16:17:09","2019-03-16 15:56:32",1
363,WAE303040,MFC,WAE303040,NULL,"ENDMILL 4, NHÔM, 3 ME","2019-03-13 16:17:09","2019-03-16 15:56:32",1
364,WAE303060,MFC,WAE303060,NULL,"ENDMILL6, NHÔM, 3 ME","2019-03-13 16:17:09","2019-03-16 15:56:32",1
365,WAE303080,MFC,WAE303080,NULL,"ENDMILL 8, NHÔM,  3 ME","2019-03-13 16:17:09","2019-03-16 15:56:32",1
366,WAE303100,MFC,WAE303100,NULL,"ENDMILL 10, NHÔM, 3 ME","2019-03-13 16:17:09","2019-03-16 15:56:32",1
367,WAE303120,MFC,WAE303120,NULL,"ENDMILL 12, NHÔM, 3 ME","2019-03-13 16:17:09","2019-03-16 15:56:32",1
368,WAE303160,MFC,WAE303160,NULL,"ENDMILL 16, NHÔM, 3 ME","2019-03-13 16:17:09","2019-03-16 15:56:32",1
369,18014,MFC,18014,NULL,"TAP M1.6 NHÔM, XOẮN","2019-03-13 16:17:09","2019-03-16 15:56:32",1
370,18021,MFC,18021,NULL,"TAP M2X0.4 NHÔM, XOẮN","2019-03-13 16:17:09","2019-03-16 15:56:32",1
371,18034,MFC,18034,NULL,"TAP M2.6 NHÔM, XOẮN ","2019-03-13 16:17:09","2019-03-16 15:56:32",1
372,11544,MFC,11544,NULL,"TAP M3X0.5 NHÔM, XOẮN ","2019-03-13 16:17:09","2019-03-16 15:56:32",1
373,18048,MFC,18048,NULL,"TAP M3.5X0.6 NHÔM, XOẮN ","2019-03-13 16:17:09","2019-03-16 15:56:32",1
374,16116,MFC,16116,NULL,"TAP M6X0.75 NHÔM, THẲNG ","2019-03-13 16:17:09","2019-03-16 15:56:32",1
375,1017-2.0,MFC,1017-2.0,NULL,"TAP M2 THÉP , NÉN PHỦ ","2019-03-13 16:17:09","2019-03-16 15:56:32",1
376,1017-2.5,MFC,1017-2.5,NULL,"TAP M2.5 THÉP, NÉN PHỦ ","2019-03-13 16:17:09","2019-03-16 15:56:32",1
377,1017-3.0,MFC,1017-3.0,NULL,"TAP M3 THÉP, NÉN PHỦ ","2019-03-13 16:17:09","2019-03-16 15:56:32",1
378,1017-4.0,MFC,1017-4.0,NULL,"TAP M4 THÉP, NÉN PHỦ ","2019-03-13 16:17:09","2019-03-16 15:56:32",1
379,1017-5.0,MFC,1017-5.0,NULL,"TAP M5 THÉP, NÉN PHỦ","2019-03-13 16:17:10","2019-03-16 15:56:32",1
380,1017-6.0,MFC,1017-6.0,NULL,"TAP M6 THÉP, NÉN PHỦ ","2019-03-13 16:17:10","2019-03-16 15:56:32",1
381,1015-2.0,MFC,1015-2.0,NULL,"TAP M2X0.4, THÉP, THẲNG PHỦ ","2019-03-13 16:17:10","2019-03-16 15:56:32",1
382,1015-2.5,MFC,1015-2.5,NULL,"TAP M2.5X0.45, THÉP, THẲNG PHỦ ","2019-03-13 16:17:10","2019-03-16 15:56:32",1
383,1015-3.0,MFC,1015-3.0,NULL,"TAP M3X0.5, THÉP, THẲNG PHỦ ","2019-03-13 16:17:10","2019-03-16 15:56:32",1
384,1015-4.0,MFC,1015-4.0,NULL,"TAP M4X0.7, THÉP, THẲNG PHỦ ","2019-03-13 16:17:10","2019-03-16 15:56:32",1
385,1015-5.0,MFC,1015-5.0,NULL,"TAP M4X0.8, THÉP, THẲNG PHỦ ","2019-03-13 16:17:10","2019-03-16 15:56:32",1
386,1015-6.0,MFC,1015-6.0,NULL,"TAP M6X1.0, THÉP, THẲNG PHỦ ","2019-03-13 16:17:10","2019-03-16 15:56:32",1
387,1015-8.0,MFC,1015-8.0,NULL,"TAP M8X1.25 THÉP, THẲNG PHỦ ","2019-03-13 16:17:10","2019-03-16 15:56:32",1
388,1015-12.0,MFC,1015-12.0,NULL,"TAP M12X1.75 THÉP, THẲNG PHỦ ","2019-03-13 16:17:10","2019-03-16 15:56:32",1
389,CPMH090308-PR1425,MFC,CPMH090308-PR1425,NULL,"INSERT PHÁ THÔ R0.8","2019-03-13 16:17:10","2019-03-16 15:56:32",1
390,GDM30015N-040GMI-PR1225,MFC,GDM30015N-040GMI-PR1225,NULL,"INSERT TRÍCH RÃNH R0.4","2019-03-13 16:17:10","2019-03-16 15:56:32",1
391,GDM3020N-030PH-PR1535,MFC,GDM3020N-030PH-PR1535,NULL,"INSERT TRÍCH RÃNH R0.3","2019-03-13 16:17:10","2019-03-16 15:56:32",1
392,GDM2013N-020GMI-PR1225,MFC,GDM2013N-020GMI-PR1225,NULL,"INSERT TRÍCH RÃNH R0.2","2019-03-13 16:17:10","2019-03-16 15:56:32",1
393,VNMG160404HQ-CA515,MFC,VNMG160404HQ-CA515,NULL,"INSERT PHÁ THÔ R0.4","2019-03-13 16:17:10","2019-03-16 15:56:32",1
394,GDM2020N-020PH-PR1535,MFC,GDM2020N-020PH-PR1535,NULL,"INSERT TRÍCH RÃNH R0.2","2019-03-13 16:17:10","2019-03-16 15:56:32",1
395,DNMG150408MS-PR305,MFC,DNMG150408MS-PR305,NULL,"INSERT PHÁ THÔ R0.8","2019-03-13 16:17:10","2019-03-16 15:56:32",1
396,WNMG080408PG-PR1535,MFC,WNMG080408PG-PR1535,NULL,"INSERT PHÁ THÔ R0.8","2019-03-13 16:17:10","2019-03-16 15:56:32",1
397,DNMG150404MS-PR1310,MFC,DNMG150404MS-PR1310,NULL,"INSERT PHÁ THÔ R0.8 ","2019-03-13 16:17:10","2019-03-16 15:56:32",1
398,WNMG080404PG-PV720,MFC,WNMG080404PG-PV720,NULL,"INSERT PHSA THÔ R0.4","2019-03-13 16:17:10","2019-03-16 15:56:32",1
399,16ER150ISO-TF-PR1115,MFC,16ER150ISO-TF-PR1115,NULL,"INSERT TIỆN REN GÓC 60°","2019-03-13 16:17:10","2019-03-16 15:56:32",1
400,TNGA160404T0202-PT600M,MFC,TNGA160404T0202-PT600M,NULL,"INSERT TIỆN THÔ R0.4","2019-03-13 16:17:10","2019-03-16 15:56:32",1
401,VNMG160404PP-CA510,MFC,VNMG160404PP-CA510,NULL,"INSERT PHÁ THÔ R0.4","2019-03-13 16:17:10","2019-03-16 15:56:32",1
402,TCMT090202HQ-PV7025,MFC,TCMT090202HQ-PV7025,NULL,"INSERT PHÁ THÔ R0.4","2019-03-13 16:17:10","2019-03-16 15:56:32",1
403,DCGT11T302MFP-GQ,MFC,DCGT11T302MFP-GQ,NULL,"INSERT PHÁ THÔ R0.2","2019-03-13 16:17:11","2019-03-16 15:56:32",1
404,SNMG120404HQ-PV720,MFC,SNMG120404HQ-PV720,NULL,"INSERT PHÁ THÔ R0.4","2019-03-13 16:17:11","2019-03-16 15:56:32",1
405,SNMG120408PG-PR1535,MFC,SNMG120408PG-PR1535,NULL,"INSERT PHÁ THÔ R0.8","2019-03-13 16:17:11","2019-03-16 15:56:32",1
406,TKF16L150-S-PR1225,MFC,TKF16L150-S-PR1225,NULL,"INSERT CẮT ĐỨT ","2019-03-13 16:17:11","2019-03-16 15:56:32",1
407,11IRA55IC908,MFC,11IRA55IC908,NULL,"INSERT TIỆN REN TRONG PHẢI 55 ĐỘ ","2019-03-13 16:17:11","2019-03-16 15:56:32",1
408,11IRA60IC908,MFC,11IRA60IC908,NULL,"INSERT TIỆN REN TRONG PHẢI 60 ĐỘ","2019-03-13 16:17:11","2019-03-16 15:56:32",1
409,16ER0.80-ISO-IC908,MFC,16ER0.80-ISO-IC908,NULL,"INSERT TIỆN REN NGOÀI BƯỚC 0.8","2019-03-13 16:17:11","2019-03-16 15:56:32",1
410,16ER1.25-ISO-IC908,MFC,16ER1.25-ISO-IC908,NULL,"INSERT TIỆN REN NGOÀI BƯỚC 1.25","2019-03-13 16:17:11","2019-03-16 15:56:32",1
411,16IRM3.0-ISO-IC908,MFC,16IRM3.0-ISO-IC908,NULL,"INSERT TIỆN REN NGOÀI BƯỚC 3.0","2019-03-13 16:17:11","2019-03-16 15:56:32",1
412,16ERM2.50-ISO-IC908,MFC,16ERM2.50-ISO-IC908,NULL,"INSERT TIỆN REN NGOÀI BƯỚC 2.50","2019-03-13 16:17:11","2019-03-16 15:56:32",1
413,16ERM1.50-ISO-IC908,MFC,16ERM1.50-ISO-IC908,NULL,"INSERT TIỆN REN NGOÀI BƯỚC 1.50","2019-03-13 16:17:11","2019-03-16 15:56:32",1
414,16ERM1.75-ISO-IC908,MFC,16ERM1.75-ISO-IC908,NULL,"INSERT TIỆN REN NGOÀI BƯỚC 1.75","2019-03-13 16:17:11","2019-03-16 15:56:32",1
415,16ERM2.0-ISO-IC908,MFC,16ERM2.0-ISO-IC908,NULL,"INSERT TIỆN REN NGOÀI BƯỚC 2.0","2019-03-13 16:17:11","2019-03-16 15:56:32",1
416,16ERM1.0-ISO-IC908,MFC,16ERM1.0-ISO-IC908,NULL,"INSERT TIỆN REN NGOÀI BƯỚC 1.0","2019-03-13 16:17:11","2019-03-16 15:56:32",1
417,JDMT070208R-JP4020,MFC,JDMT070208R-JP4020,NULL,"INSERT PHAY CÁN 10,12 R0.8","2019-03-13 16:17:11","2019-03-16 15:56:32",1
418,APMT1135PDER-H2,MFC,APMT1135PDER-H2,NULL,"INSERT PPHAY R0.8","2019-03-13 16:17:11","2019-03-16 15:56:32",1
419,SOGT12T308PEEFR-JP,MFC,SOGT12T308PEEFR-JP,NULL,"INSERT PHAY R0.8","2019-03-13 16:17:11","2019-03-16 15:56:32",1
420,JDMT09T320ZDSR-JM-VP15TF,MFC,JDMT09T320ZDSR-JM-VP15TF,NULL,"INSERT PHAY","2019-03-13 16:17:11","2019-03-16 15:56:32",1
421,XPLT060308ER-D41,MFC,XPLT060308ER-D41,NULL,"INSERT PHAY R1.6","2019-03-13 16:17:11","2019-03-16 15:56:32",1
422,BLMP0603R-ML-TT9080,MFC,BLMP0603R-ML-TT9080,NULL,"INSER PHAY ","2019-03-13 16:17:11","2019-03-16 15:56:32",1
423,ZSPM4030-05,MFC,ZSPM4030-05,NULL,"ENDMILL 3R0.5","2019-03-13 16:17:11","2019-03-16 15:56:32",1
424,ZSPM4060-05,MFC,ZSPM4060-05,NULL,"ENDMILL 6R0.5","2019-03-13 16:17:11","2019-03-16 15:56:32",1
425,ZSPM4060-10,MFC,ZSPM4060-10,NULL,"ENDMILL 6R1.0","2019-03-13 16:17:11","2019-03-16 15:56:32",1
426,ZSPM4080-10,MFC,ZSPM4080-10,NULL,"ENDMILL 8R1.0","2019-03-13 16:17:11","2019-03-16 15:56:32",1
427,LDS030,MFC,LDS030,NULL,"CHAMPER 3","2019-03-13 16:17:11","2019-03-16 15:56:32",1
428,LDS040,MFC,LDS040,NULL,"CHAMPER 4","2019-03-13 16:17:11","2019-03-16 15:56:32",1
429,LDS060,MFC,LDS060,NULL,"CHAMPER 6","2019-03-13 16:17:11","2019-03-16 15:56:32",1
433,16ERM3.00-ISO-IC908,MFC,16ERM3.00-ISO-IC908,NULL,"INSERT TIỆN REN NGOÀI BƯỚC 3.0
","2019-03-15 10:38:10","2019-03-16 15:57:23",1
434,16ERM1.25-ISO-908,MFC,16ERM1.25-ISO-908,NULL,"INSERT TIỆN REN NGƯỜI BƯỚC 1.25
","2019-03-15 10:38:32","2019-03-16 15:57:23",1
435,TKF12L100-S-PR1425,MFC,TKF12L100-S-PR1425,NULL,"INSERT TRĨNH RÃNH 
","2019-03-15 10:38:55","2019-03-16 15:57:23",1
436,TNGG16040L-C-TN620,MFC,TNGG16040L-C-TN620,NULL,"INSERT PHÁ THÔ R0.4
","2019-03-15 10:39:15","2019-03-16 15:57:23",1
437,EZBR040035ST-015F-PR1225,MFC,EZBR040035ST-015F-PR1225,NULL,"INSERT MÓC LỖ 
","2019-03-15 10:39:35","2019-03-16 15:57:23",1
438,VNGA160404S02025-PT600M,MFC,VNGA160404S02025-PT600M,NULL,"INSERT PHÁ THÔ R 0.4
","2019-03-15 10:39:59","2019-03-16 15:57:23",1
439,VNMG160402PP-PV720,MFC,VNMG160402PP-PV720,NULL,"INSERT PHÁ THÔ R0.2
","2019-03-15 10:40:19","2019-03-16 15:57:23",1
440,TCMT090204HQ-PV720,MFC,TCMT090204HQ-PV720,NULL,"INSERT PHÁ THÔ R0.4
","2019-03-15 10:40:41","2019-03-16 15:57:23",1
441,TCEX100304E-AROM4025,MFC,TCEX100304E-AROM4025,NULL,"INSERT CHAMPER 12
","2019-03-15 10:41:30","2019-03-16 15:57:23",1
442,"TPGH110304L - PR1425",MFC,"TPGH110304L - PR1425",NULL,"INSERT TIỆN PHÁ THÔ","2019-04-17 08:08:49","2019-04-17 08:17:19",1
443,"WNMG080408-TF IC807",MFC,"WNMG080408-TF IC807",NULL,"INSERT TIỆN","2019-04-17 08:35:46","2019-04-17 08:35:46",1
444,CCMT09T308HQ-CA025P,MFC,CCMT09T308HQ-CA025P,NULL,"INSERT TIỆN","2019-04-17 08:36:11","2019-04-17 08:36:11",1
445,WNMG080408WP-CA025P,MFC,WNMG080408WP-CA025P,NULL,"INSERT TIỆN","2019-04-17 08:45:14","2019-04-17 08:45:14",1
446,XPLT060308ERD41-SP6519,MFC,XPLT060308ERD41-SP6519,NULL,"INSERT TIỆN","2019-04-17 08:45:35","2019-04-17 08:45:35",1
502,"INSERT TIỆN",MFC,SCMT060205-GM-E,NULL,"INSERT KHOAN (A=6.4, T= 2.8, D=0.9, R0.5)","2019-05-27 11:35:35","2019-05-27 11:36:01",1
503,"INSERT KHOAN (A6.9, T= 2.8, D2.9, R=1.0)",MFC,SCMT060210-GM-I,NULL,"INSERT KHOAN (A6.9, T= 2.8, D2.9, R=1.0)","2019-05-27 11:36:33","2019-05-27 11:37:01",1
504,SCMT070305-GM-E,MFC,SCMT070305-GM-E,NULL,"INSERT KHOAN (A=7.65, T=3.2, D3.5, R=0.5)","2019-05-27 11:37:45","2019-05-27 11:37:45",1
505,SCMT070310-GM-I,MFC,SCMT070310-GM-I,NULL,"INSERT KHOAN (A=8.20, T=3.2, D=3.5, R=1.0)","2019-05-27 11:38:06","2019-05-27 11:38:06",1
506,"SCMT090405-GM-E (PR1225)",MFC,"SCMT090405-GM-E (PR1225)",NULL,"INSERT KHOAN (A= 9.10, T=4.1, D=4.0, R= 0.5)","2019-05-27 11:38:28","2019-05-27 11:38:28",1
507,"SCMT090410-GM-I (PR1535)",MFC,"SCMT090410-GM-I (PR1535)",NULL,"INSERT KHOAN ( A= 9.80, T=4.1, D=4.0, R=1.0)","2019-05-27 11:38:57","2019-05-27 11:38:57",1
508,"TKN3 (PR1535)",MFC,"TKN3 (PR1535)",NULL,"INSERT TIỆN CẮT ĐỨT  (W=3.1, R=0.25)","2019-05-27 11:40:08","2019-05-27 11:40:08",1
509,XVCT160508R-AJ(TH10),MFC,XVCT160508R-AJ(TH10),NULL,"INSERT PHAY 40","2019-05-27 11:40:25","2019-05-27 11:40:25",1
510,CCET040104ML-FSF(PR1225),MFC,CCET040104ML-FSF(PR1225),NULL,"INSERT TIỆN PHÁ THÔ ( R<0.4)","2019-05-27 11:40:48","2019-05-27 11:40:48",1
511,CCMT09T302GK(PR1125),MFC,CCMT09T302GK(PR1125),NULL,"INSERT PHÁ THÔ ( R0.2 )","2019-05-27 11:41:07","2019-05-27 11:41:07",1
512,CCMT09T304GK-CA525,MFC,CCMT09T304GK-CA525,NULL,"INSERT PHÁ THÔ ( R0.4)","2019-05-27 11:41:24","2019-05-27 11:41:24",1
513,CCMT120408GK-CA525,MFC,CCMT120408GK-CA525,NULL,"INSERT PHÁ THÔ (R0.8)","2019-05-27 11:41:50","2019-05-27 11:41:50",1
514,"DNGA150408T02025(PT600) ",MFC,"DNGA150408T02025(PT600) ",NULL,"INSERT PHÁ THÔ (R0.8)","2019-05-27 11:42:20","2019-05-27 11:42:20",1
515,DNGG150402-SF-IC907,MFC,DNGG150402-SF-IC907,NULL,"INSERT PHÁ THÔ ( I-15.5, DI=12.7, S=4.76, R=0.2)","2019-05-27 11:42:45","2019-05-27 11:42:45",1
516,"SNMG120404HQ (PV720)",MFC,"SNMG120404HQ (PV720)",NULL,"INSERT PHÁ THÔ (R0.4)","2019-05-27 11:43:20","2019-05-27 11:43:20",1
517,"SNMG120408PG (PR1535)",MFC,"SNMG120408PG (PR1535)",NULL,"INSERT PHÁ THÔ (R0.8)","2019-05-27 11:43:44","2019-05-27 11:43:44",1
518,"HNPJ0604ANSNGD KC725",MFC,"HNPJ0604ANSNGD KC725",NULL,"INSERT PHAY ","2019-05-27 11:44:13","2019-05-27 11:44:13",1
519,"HNGJ0604ANSNHD KCSM40",MFC,"HNGJ0604ANSNHD KCSM40",NULL,"INSERT PHAY ","2019-05-27 11:44:33","2019-05-27 11:44:33",1
520,TGMF304IC908,MFC,TGMF304IC908,NULL,"INSERT TIỆN TRÍCH RÃNH VÀ CẮT ĐỨT ( W=3, R0.4, I=13.55, TMAX= 10.30)","2019-05-27 11:45:14","2019-05-27 11:45:14",1
521,VNMG160404HQ(CA510),MFC,VNMG160404HQ(CA510),NULL,"INSERT TIỆN PHÁ THÔ (R0.4)","2019-05-27 11:45:33","2019-05-27 11:45:33",1
522,VNMG160404-NF-IC807,MFC,VNMG160404-NF-IC807,NULL,"INSERT TIỆN PHÁ THÔ ( I=16.6, DI=9.52, S=4.76, R0.4)","2019-05-27 11:45:53","2019-05-27 11:45:53",1
523,GDM3015N-040GMI-PR1225,MFC,GDM3015N-040GMI-PR1225,NULL,"INSERT TRÍCH RÃNH ( W3.0, R0.4, M=2.4, L=15.5, H=4.6)","2019-05-27 11:46:12","2019-05-27 11:46:12",1
524,ZR5040605,MFC,ZR5040605,NULL,NULL,"2019-05-27 11:46:28","2019-05-27 11:46:28",1
525,ZR5040610,MFC,ZR5040610,NULL,NULL,"2019-05-27 11:46:42","2019-05-27 11:46:42",1
526,ZR5040805,MFC,ZR5040805,NULL,NULL,"2019-05-27 11:46:57","2019-05-27 11:46:57",1
527,ZR5040810,MFC,ZR5040810,NULL,NULL,"2019-05-27 11:47:10","2019-05-27 11:47:10",1
528,16IR300ISO-TF,MFC,16IR300ISO-TF,NULL,"INSERT TIỆN","2019-05-30 14:54:11","2019-05-30 14:54:11",1
529,CNMG120408PT,MFC,CNMG120408PT,NULL,"INSERT TIỆN","2019-05-30 14:54:31","2019-05-30 14:54:31",1
530,"TGMF304 IC908",MFC,"TGMF304 IC908",NULL,"INSERT TIỆN","2019-05-30 14:54:53","2019-05-30 14:54:53",1
531,SCMT060205-GM-E,MFC,SCMT060205-GM-E,NULL,"INSERT TIỆN","2019-05-30 15:19:59","2019-05-30 15:19:59",1
532,SCMT060210-GM-I,MFC,SCMT060210-GM-I,NULL,"INSERT TIỆN","2019-05-30 15:20:40","2019-05-30 15:20:40",1
537,ASM0710S10R-2,MFC,ASM0710S10R-2,NULL,"CÁN DAO 10","2019-06-18 13:44:14","2019-06-18 13:44:14",1
538,ASM0712S12R-3,MFC,ASM0712S12R-3,NULL,"CÁN DAO 12R0.8","2019-06-18 13:44:36","2019-06-18 13:44:36",1
539,ASM0714S12R-3,MFC,ASM0714S12R-3,NULL,"CÁN DAO 14","2019-06-18 13:45:20","2019-06-18 13:45:20",1
540,ASM0716S16R-4,MFC,ASM0716S16R-4,NULL,"CÁN DAO 16","2019-06-18 13:45:40","2019-06-18 13:45:40",1
541,"TEBL 216-15-06-L150",MFC,"TEBL 216-15-06-L150",NULL,"CÁN DAO 16 R1.8","2019-06-18 13:45:58","2019-06-18 13:45:58",1
542,ASM0708S10R-1,MFC,ASM0708S10R-1,NULL,"CÁN DAO 8","2019-06-18 13:46:18","2019-06-18 13:46:18",1
543,SSP-1212-105L,MFC,SSP-1212-105L,NULL,"CÁN DAO CHAMFER","2019-06-18 13:48:17","2019-06-18 13:48:17",1
544,R217.69-1012.0-06-2AN,MFC,R217.69-1012.0-06-2AN,NULL,"CÁN DAO PHAY","2019-06-18 13:48:45","2019-06-18 13:48:45",1
545,R21721-10120-LP05.2A,MFC,R21721-10120-LP05.2A,NULL,"CÁN DAO PHAY","2019-06-18 13:49:01","2019-06-18 13:49:01",1
546,7792VXP06CA016Z2R140,MFC,7792VXP06CA016Z2R140,NULL,"CÁN DAO PHAY 16","2019-06-18 13:49:33","2019-06-18 13:49:33",1
547,EPV16R040M32.0-03,MFC,EPV16R040M32.0-03,NULL,"CÁN DAO PHAY 40","2019-06-18 13:49:53","2019-06-18 13:49:53",1
548,A08X-STLCR09-10AE,MFC,A08X-STLCR09-10AE,NULL,"CÁN DAO TIỆN","2019-06-18 13:50:43","2019-06-18 13:50:43",1
549,A10L-STLCR09-12AE,MFC,A10L-STLCR09-12AE,NULL,"CÁN DAO TIỆN","2019-06-18 14:16:50","2019-06-18 14:16:50",1
550,E12Q-STLPR11-14A,MFC,E12Q-STLPR11-14A,NULL,"CÁN DAO TIỆN","2019-06-18 14:17:07","2019-06-18 14:17:07",1
551,A16Q-STLPR11-18AE,MFC,A16Q-STLPR11-18AE,NULL,"CÁN DAO TIỆN","2019-06-18 14:17:27","2019-06-18 14:17:27",1
552,C05H-SWUBR-06-D06,MFC,C05H-SWUBR-06-D06,NULL,"CÁN DAO TIỆN","2019-06-18 14:17:46","2019-06-18 14:17:46",1
553,C07K-SCLCR04-08AN,MFC,C07K-SCLCR04-08AN,NULL,"CÁN DAO TIỆN","2019-06-18 14:18:30","2019-06-18 14:18:30",1
554,DVLNR2525M-16,MFC,DVLNR2525M-16,NULL,"CÁN DAO TIỆN","2019-06-18 14:18:48","2019-06-18 14:18:48",1
555,KTKB26-3S,MFC,KTKB26-3S,NULL,"CÁN DAO TIỆN","2019-06-18 14:19:08","2019-06-18 14:19:08",1
556,KTKTB20-26,MFC,KTKTB20-26,NULL,"CÁN DAO TIỆN","2019-06-18 14:19:29","2019-06-18 14:19:29",1
557,KTKB32-3S,MFC,KTKB32-3S,NULL,"CÁN DAO TIỆN","2019-06-18 14:19:48","2019-06-18 14:19:48",1
558,KTKTB25-32,MFC,KTKTB25-32,NULL,"CÁN DAO TIỆN","2019-06-18 14:20:10","2019-06-18 14:20:10",1
559,KGDIR1816B-2,MFC,KGDIR1816B-2,NULL,"CÁN DAO TIỆN","2019-06-18 14:20:25","2019-06-18 14:20:25",1
560,KGDIR2016B-3,MFC,KGDIR2016B-3,NULL,"CÁN DAO TIỆN","2019-06-18 14:20:44","2019-06-18 14:20:44",1
561,KGDR2020K-2T17,MFC,KGDR2020K-2T17,NULL,"CÁN DAO TIỆN","2019-06-18 14:21:01","2019-06-18 14:21:01",1
562,KGDR2020K-3T20,MFC,KGDR2020K-3T20,NULL,"CÁN DAO TIỆN","2019-06-18 14:23:39","2019-06-18 14:23:39",1
563,KGDR2525M-2T17,MFC,KGDR2525M-2T17,NULL,"CÁN DAO TIỆN","2019-06-18 14:24:15","2019-06-18 14:24:15",1
564,KGMR2020K-2T17,MFC,KGMR2020K-2T17,NULL,"CÁN DAO TIỆN","2019-06-18 14:24:31","2019-06-18 14:24:31",1
565,KGMR2020K-3T20,MFC,KGMR2020K-3T20,NULL,"CÁN DAO TIỆN","2019-06-18 14:25:03","2019-06-18 14:25:03",1
566,KGMMR2020K-3,MFC,KGMMR2020K-3,NULL,"CÁN DAO TIỆN","2019-06-18 14:25:23","2019-06-18 14:25:23",1
567,KIGMR2016B-3V,MFC,KIGMR2016B-3V,NULL,"CÁN DAO TIỆN","2019-06-18 14:26:28","2019-06-18 14:26:28",1
568,KTKFL1212JX-12,MFC,KTKFL1212JX-12,NULL,"CÁN DAO TIỆN","2019-06-18 14:26:51","2019-06-18 14:26:51",1
569,KTKFR2020JX-16,MFC,KTKFR2020JX-16,NULL,"CÁN DAO TIỆN","2019-06-18 14:27:16","2019-06-18 14:27:16",1
570,MVLNR2020K-16,MFC,MVLNR2020K-16,NULL,"CÁN DAO TIỆN","2019-06-18 14:31:19","2019-06-18 14:31:19",1
571,S25R-PDUNR15-32,MFC,S25R-PDUNR15-32,NULL,"CÁN DAO TIỆN","2019-06-18 14:31:46","2019-06-18 14:31:46",1
572,SINR1210-11/HOLDER,MFC,SINR1210-11/HOLDER,NULL,"CÁN DAO TIỆN","2019-06-18 14:32:08","2019-06-18 14:33:20",0
573,SINR1616S-16,MFC,SINR1616S-16,NULL,"CÁN DAO TIỆN","2019-06-18 14:37:58","2019-06-18 14:37:58",1
574,WWLNR2020K-08,MFC,WWLNR2020K-08,NULL,"CÁN DAO TIỆN","2019-06-18 14:43:15","2019-06-18 14:43:15",1
575,VY-140318-01,MFC,VY-140318-01,NULL,"CÁN DAO TIỆN RẢNH ","2019-06-18 14:43:38","2019-06-18 14:43:38",1
576,A32S-DWLNR08-40,MFC,A32S-DWLNR08-40,NULL,"CÁN KHOAN 32","2019-06-18 14:44:58","2019-06-18 14:44:58",1
577,DDJNR2020K-150,MFC,DDJNR2020K-150,NULL,"CÁN TIỆN","2019-06-18 14:45:16","2019-06-18 14:45:16",1
578,KGMR2525M-3,MFC,KGMR2525M-3,NULL,"CÁN TIỆN","2019-06-18 14:45:57","2019-06-18 14:45:57",1
579,20ER040,MFC,20ER040,NULL,COLLET,"2019-06-18 14:46:15","2019-06-18 14:46:15",1
580,20ER060,MFC,20ER060,NULL,COLLET,"2019-06-18 14:46:32","2019-06-18 14:46:32",1
581,20ER080,MFC,20ER080,NULL,COLLET,"2019-06-18 14:46:48","2019-06-18 14:46:48",1
582,20ER050,MFC,20ER050,NULL,COLLET,"2019-06-18 14:47:04","2019-06-18 14:47:04",1
583,20ER030,MFC,20ER030,NULL,COLLET,"2019-06-18 14:47:50","2019-06-18 14:47:50",1
584,25ER020,MFC,25ER020,NULL,COLLET,"2019-06-18 14:48:21","2019-06-18 14:48:21",1
585,25ER030,MFC,25ER030,NULL,COLLET,"2019-06-18 14:48:49","2019-06-18 14:48:49",1
586,25ER040,MFC,25ER040,NULL,COLLET,"2019-06-18 14:49:10","2019-06-18 14:49:10",1
587,25ER100,MFC,25ER100,NULL,COLLET,"2019-06-18 14:49:55","2019-06-18 14:49:55",1
588,25ER130,MFC,25ER130,NULL,COLLET,"2019-06-18 14:50:11","2019-06-18 14:50:11",1
589,25ER150,MFC,25ER150,NULL,COLLET,"2019-06-18 14:50:52","2019-06-18 14:50:52",1
590,25ER060,MFC,25ER060,NULL,COLLET,"2019-06-18 14:51:08","2019-06-18 14:51:08",1
591,25ER080,MFC,25ER080,NULL,COLLET,"2019-06-18 14:51:35","2019-06-18 14:51:35",1
592,32ER020,MFC,32ER020,NULL,COLLET,"2019-06-18 14:53:12","2019-06-18 14:53:12",1
593,32ER030,MFC,32ER030,NULL,COLLET,"2019-06-18 14:53:31","2019-06-18 14:53:31",1
594,32ER040,MFC,32ER040,NULL,COLLET,"2019-06-18 14:53:55","2019-06-18 14:53:55",1
595,32ER060,MFC,32ER060,NULL,COLLET,"2019-06-18 14:54:15","2019-06-18 14:54:15",1
596,32ER070,MFC,32ER070,NULL,COLLET,"2019-06-18 14:54:35","2019-06-18 14:54:35",1
597,32ER080,MFC,32ER080,NULL,COLLET,"2019-06-18 14:54:53","2019-06-18 14:54:53",1
598,32ER090,MFC,32ER090,NULL,COLLET,"2019-06-18 15:16:21","2019-06-18 15:16:21",1
599,32ER100,MFC,32ER100,NULL,COLLET,"2019-06-18 15:18:01","2019-06-18 15:18:01",1
600,32ER120,MFC,32ER120,NULL,COLLET,"2019-06-18 15:18:27","2019-06-18 15:18:27",1
601,32ER200,MFC,32ER200,NULL,COLLET,"2019-06-18 15:18:46","2019-06-18 15:18:46",1
602,32ER150,MFC,32ER150,NULL,COLLET,"2019-06-18 15:19:03","2019-06-18 15:19:03",1
603,32ER160,MFC,32ER160,NULL,COLLET,"2019-06-18 15:19:28","2019-06-18 15:19:28",1
604,16ER010,MFC,16ER010,NULL,COLLET,"2019-06-18 15:19:49","2019-06-18 15:19:49",1
605,16ER040,MFC,16ER040,NULL,COLLET,"2019-06-18 15:20:28","2019-06-18 15:20:28",1
606,16ER060,MFC,16ER060,NULL,COLLET,"2019-06-18 15:20:45","2019-06-18 15:20:45",1
607,40ER250,MFC,40ER250,NULL,COLLET,"2019-06-18 15:21:52","2019-06-18 15:21:52",1
608,BT40BER16040M,MFC,BT40BER16040M,NULL,"ĐẦU KẸP MŨI PHAY","2019-06-18 15:22:13","2019-06-18 15:22:13",1
609,BT40BER20060M,MFC,BT40BER20060M,NULL,"ĐẦU KẸP MŨI PHAY","2019-06-18 15:22:50","2019-06-18 15:22:50",1
610,BT40BER25070M,MFC,BT40BER25070M,NULL,"ĐẦU KẸP MŨI PHAY","2019-06-18 15:23:09","2019-06-18 15:23:09",1
611,BT40BER32070M,MFC,BT40BER32070M,NULL,"ĐẦU KẸP MŨI PHAY","2019-06-18 15:23:43","2019-06-18 15:23:43",1
612,DIN40-AL,MFC,DIN40-AL,NULL,"ĐUÔI CHUỘT","2019-06-18 15:24:00","2019-06-18 15:24:00",1
613,MAZAK-BT40,MFC,MAZAK-BT40,NULL,"ĐUÔI CHUỘT","2019-06-18 15:24:18","2019-06-18 15:24:18",1
614,240-140,MFC,240-140,NULL,"ỐC CÁN 12","2019-06-18 15:24:37","2019-06-18 15:24:37",1
615,"TS 25064I-HG-P",MFC,"TS 25064I-HG-P",NULL,"ỐC CÁN 16","2019-06-18 15:25:13","2019-06-18 15:25:13",1
616,293-241-30,MFC,293-241-30,NULL,"PAME 25-50","2019-06-18 15:25:31","2019-06-18 15:25:31",1
617,293-242-30,MFC,293-242-30,NULL,"PAME 50-75","2019-06-18 15:26:04","2019-06-18 15:26:04",1
618,293-233-30,MFC,293-233-30,NULL,"PAME 75-100","2019-06-18 15:26:24","2019-06-18 15:26:24",1
619,103-141-10,MFC,103-141-10,NULL,"PAME CƠ 100-125","2019-06-18 15:27:14","2019-06-18 15:27:14",1
620,103-142-10,MFC,103-142-10,NULL,"PAME CƠ 125-150","2019-06-18 15:27:36","2019-06-18 15:27:36",1
621,103-143-10,MFC,103-143-10,NULL,"PAME CƠ 150-175","2019-06-18 15:28:25","2019-06-18 15:28:25",1
622,103-144-10,MFC,103-144-10,NULL,"PAME CƠ 175-200","2019-06-18 15:28:42","2019-06-18 15:28:42",1
623,103-145-10,MFC,103-145-10,NULL,"PAME CƠ 200-225","2019-06-18 15:29:26","2019-06-18 15:29:26",1
624,103-146-10,MFC,103-146-10,NULL,"PAME CƠ 225-250","2019-06-18 15:29:45","2019-06-18 15:29:45",1
625,103-147-10,MFC,103-147-10,NULL,"PAME CƠ 250-275","2019-06-18 15:30:05","2019-06-18 15:30:05",1
626,275-300,MFC,275-300,NULL,"PAME CƠ 275-300","2019-06-18 15:30:27","2019-06-18 15:30:27",1
627,500-197-30,MFC,500-197-30,NULL,"THƯỚC CẶP ĐIỆN TỬ 0-300mm","2019-06-18 15:30:46","2019-06-18 15:30:46",1
628,293-243-30,MFC,293-243-30,NULL,"PAME 75-100","2019-06-24 11:01:35","2019-06-24 11:01:36",1
629,293-240-30,MFC,293-240-30,NULL,"PAME 0-25","2019-06-24 11:01:57","2019-06-24 11:01:57",1
630,500-501-10,MFC,500-501-10,NULL,"THƯỚC CẶP ĐIỆN TỬ 0-500mm","2019-06-24 11:02:21","2019-06-24 11:02:21",1
632,VP-018,MFC,VP-018,NULL,"CĂN LỐC","2019-08-01 10:37:24","2019-08-20 07:38:53",1
633,103-148-10,MFC,103-148-10,NULL,"PAME CƠ 275-300","2019-08-01 10:38:26","2019-08-01 10:38:26",1
634,D10-TIN,MFC,D10-TIN,NULL,"ĐẦU DÒ","2019-08-01 10:38:47","2019-08-01 10:38:47",1
670,LP-2H7,MFC,LP-2H7,NULL,"PIN THỬ","2019-08-20 07:33:31","2019-08-20 07:38:23",1
671,LP-3H7,MFC,LP-3H7,NULL,"PIN THỬ","2019-08-20 07:34:00","2019-08-20 07:38:30",1
672,LP-4H7,MFC,LP-4H7,NULL,"PIN THỬ","2019-08-20 07:34:21","2019-08-20 07:38:38",1
673,LP-5H7,MFC,LP-5H7,NULL,"PIN THỬ","2019-08-20 07:34:39","2019-08-20 07:37:30",1
674,LP-6H7,MFC,LP-6H7,NULL,"PIN THỬ","2019-08-20 07:35:14","2019-08-20 07:37:42",1
675,LP-7H7,MFC,LP-7H7,NULL,"PIN THỬ","2019-08-20 07:35:42","2019-08-20 07:37:54",1
676,LP-10H7,MFC,LP-10H7,NULL,"PIN THỬ","2019-08-20 07:36:04","2019-08-20 07:38:03",1
677,LP-12H7,MFC,LP-12H7,NULL,"PIN THỬ","2019-08-20 07:36:33","2019-08-20 07:38:13",1
678,186-105,MFC,186-105,NULL,"DƯƠNG ĐO R","2019-08-20 07:37:12","2019-08-20 07:37:12",1
679,"M8P1.25-6 GPNP",MFC,"M8P1.25-6 GPNP",NULL,"DƯỠNG REN TRỤ M8*1 CHUẨN ISO","2019-08-20 07:39:33","2019-08-20 07:39:33",1
680,"M10P1.5-6 GPNP",MFC,"M10P1.5-6 GPNP",NULL,"DƯỠNG REN TRỤ M10*1 CHUẨN ISO","2019-08-20 07:39:53","2019-08-20 07:39:53",1
681,"M12P1.75-6 GPNP",MFC,"M12P1.75-6 GPNP",NULL,"DƯỠNG REN TRỤ M12*1 CHUẨN ISO","2019-08-20 07:40:18","2019-08-20 07:40:18",1
682,293-230-30,MFC,293-230-30,NULL,"PAME 0-25","2019-08-20 07:40:52","2019-08-20 07:40:52",1
683,293-231-30,MFC,293-231-30,NULL,"PAME 25-50","2019-08-20 07:41:23","2019-08-20 07:41:23",1
684,293-232-30,MFC,293-232-30,NULL,"PAME 50-75","2019-08-20 07:41:55","2019-08-20 07:41:55",1
685,368-165,MFC,368-165,NULL,"PANME ĐO TRONG 16-20mm","2019-08-20 07:43:22","2019-08-20 07:43:22",1
686,368-166,MFC,368-166,NULL,"PANME ĐO TRONG 20-25mm","2019-08-20 07:44:09","2019-08-20 07:44:09",1
687,368-167,MFC,368-167,NULL,"PANME ĐO TRONG 25-30mm","2019-08-20 07:44:41","2019-08-20 07:44:41",1
688,368-168,MFC,368-168,NULL,"PANME ĐO TRONG","2019-08-20 07:45:47","2019-08-20 07:45:47",1
689,500-173,MFC,500-173,NULL,"THƯỚC CẶP ĐIỆN TỬ 0-300mm","2019-08-20 07:46:46","2019-08-20 07:46:46",1
690,516-947-10,MFC,516-947-10,NULL,"BỘ LỐC 0.5-100MM","2019-08-20 07:48:06","2019-08-20 07:48:06",1
691,192-132,MFC,192-132,NULL,"THƯỚC ĐO CAO 0-600mm","2019-08-20 07:48:37","2019-08-20 07:48:37",1
692,422-230-30,MFC,422-230-30,NULL,"PANME ĐO RÃNH","2019-08-20 07:49:09","2019-08-20 07:49:09",1
693,513-401-10E,MFC,513-401-10E,NULL,"ĐỒNG HỒ SO","2019-08-20 07:50:12","2019-08-20 07:50:12",1
694,215-153-10,MFC,215-153-10,NULL,"ĐẾ PANME","2019-08-20 07:50:47","2019-08-20 07:50:47",1
695,543-490B,MFC,543-490B,NULL,"ĐỒNG HỒ ĐO RÃNH","2019-08-20 07:51:11","2019-08-20 07:51:11",1
697,AHU1540R-4,MFC,AHU1540R-4,NULL,"Cán dao 40R0.8","2019-08-26 15:22:44","2019-08-26 15:22:44",1
698,PGA-30012,MFC,PGA-30012,NULL,"MÁY MÀI HƠI","2019-08-26 15:24:03","2019-08-26 15:24:03",1
699,155-90068,MFC,155-90068,NULL,"CÁN MÓC SHAVIV","2019-08-26 15:24:39","2019-08-26 15:24:39",1
700,152-00016,MFC,152-00016,NULL,"CÁN CẠO BAVIA B10","2019-08-26 15:24:59","2019-08-26 15:24:59",1
701,JDMT150508R-JP4120,MFC,JDMT150508R-JP4120,NULL,"INSERT R0.8","2019-08-27 08:36:07","2019-08-27 08:36:07",1
702,AJX09R252SA25S,MFC,AJX09R252SA25S,NULL,"CAN 25R3","2019-09-03 09:43:28","2019-09-03 09:43:28",1
731,513-404-10E,MFC,513-404-10E,NULL,"ĐỒNG HỒ SO","2019-09-14 10:42:41","2019-09-14 10:42:41",1
732,511-711,MFC,511-711,NULL,"BORE GAGE 18-35MM","2019-09-14 10:43:02","2019-09-14 10:43:02",1
733,511-713,MFC,511-713,NULL,"BORE GAGE 50-150MM","2019-09-14 10:43:25","2019-09-14 10:43:25",1
734,177-177,MFC,177-177,NULL,"VÒNG HIỆU CHUẨN PANME 16MM","2019-09-14 10:43:58","2019-09-14 10:43:58",1
735,177-139,MFC,177-139,NULL,"VÒNG HIỆU CHUẨN PANME 25MM","2019-09-14 10:45:09","2019-09-14 10:45:09",1
736,177-290,MFC,177-290,NULL,"VÒNG HIỆU CHUẨN PANME 40MM","2019-09-14 10:45:29","2019-09-14 10:45:29",1
737,"GPIP II M20P1.5",MFC,"GPIP II M20P1.5",NULL,"Dưỡng ren M20*1.5","2019-09-14 10:45:50","2019-09-14 10:45:50",1
